id,predicted_label
en_212,0
ru_4003,0
en_589,0
ru_10539,0
en_77,0
ru_7245,0
ru_2573,0
ru_1064,0
ru_11834,0
ru_4019,0
ru_6625,0
ru_11172,0
ru_8560,0
de_23,0
fr_390,0
en_706,0
ru_10074,0
ru_9356,0
ru_8824,0
ru_1370,0
ru_12563,0
ru_10139,0
fr_131,0
en_741,0
de_292,1
ru_9075,0
en_949,1
fr_365,0
ru_3351,0
ru_2378,0
de_33,0
de_536,0
ru_140,0
ru_10302,0
de_26,0
en_391,0
ru_10468,0
en_376,0
de_469,0
ru_4355,1
ru_10300,0
ru_12266,0
ru_11216,0
ru_907,0
fr_413,0
ru_150,0
en_20,0
de_355,0
fr_297,0
en_145,0
ru_10523,0
ru_13145,0
de_241,0
ru_7566,0
ru_5563,0
de_69,0
de_253,0
ru_4031,0
en_537,0
fr_367,0
ru_11126,0
en_695,0
ru_7138,0
ru_7090,0
fr_315,0
ru_3717,0
ru_11486,0
ru_3388,0
ru_8932,0
ru_11077,0
ru_6721,0
ru_827,0
fr_21,0
ru_8091,0
de_472,0
de_479,0
ru_5036,0
en_832,1
ru_3365,0
ru_11051,0
ru_10853,0
ru_11511,0
ru_5258,0
en_492,0
en_730,0
en_109,0
fr_169,0
fr_160,0
de_635,0
fr_166,0
fr_360,0
ru_2656,1
en_863,0
ru_5089,0
ru_928,1
de_100,0
ru_11744,0
fr_273,0
fr_259,0
de_417,0
ru_5922,0
ru_6096,0
ru_1911,0
ru_11897,0
ru_11438,0
ru_6485,0
ru_8663,0
ru_12297,0
ru_13370,0
ru_5242,1
en_579,0
de_8,0
ru_10127,0
en_910,0
fr_311,0
ru_981,0
en_129,0
en_247,0
en_41,0
ru_1002,0
ru_9891,0
ru_12060,0
en_181,0
ru_1354,0
fr_199,0
ru_1926,0
ru_4284,0
ru_2681,1
de_466,0
ru_2123,0
en_718,0
de_316,0
en_252,0
ru_10317,0
ru_4792,0
ru_1572,0
ru_4525,0
ru_13318,0
de_388,0
ru_10670,0
ru_6747,0
en_501,0
en_648,0
ru_2427,0
en_469,0
ru_5613,0
ru_2933,0
en_790,0
de_502,0
de_135,0
en_15,0
ru_10287,1
ru_6507,0
en_153,0
de_29,0
ru_11697,0
de_180,0
en_439,0
de_231,0
ru_5340,0
de_200,0
ru_3253,0
ru_12882,0
de_79,0
ru_7230,0
ru_8180,0
ru_10120,0
de_532,0
ru_12493,0
ru_6995,0
ru_694,0
ru_224,1
fr_59,0
ru_614,0
de_506,0
ru_13196,0
ru_5508,1
ru_3775,0
ru_10199,0
en_731,0
en_611,0
fr_177,0
ru_6642,0
de_61,0
ru_7624,0
ru_9762,0
en_766,0
ru_7060,0
en_332,0
en_331,0
ru_10117,0
en_21,0
de_12,0
de_70,0
ru_11499,1
en_770,0
en_158,0
ru_8319,0
ru_11329,0
de_298,0
ru_7738,0
ru_7300,0
ru_5024,0
ru_6364,0
ru_3599,0
fr_168,0
fr_225,1
de_584,0
ru_11071,0
ru_6048,0
ru_3597,0
de_623,0
en_893,0
ru_11865,1
ru_10405,0
ru_1836,0
ru_5331,0
en_907,0
de_546,0
ru_6575,0
en_759,0
ru_8940,0
ru_13355,0
en_53,0
ru_10712,0
de_151,0
ru_8559,1
ru_3769,0
fr_326,0
ru_12402,0
fr_87,0
ru_5067,0
ru_8365,0
de_627,0
fr_178,0
ru_3529,0
en_883,0
de_297,0
en_136,0
ru_9621,0
ru_4359,0
ru_3957,0
fr_34,0
en_410,0
en_463,0
ru_5112,0
ru_2976,0
en_860,0
ru_11488,0
en_205,0
ru_9681,0
ru_1993,0
de_157,0
ru_5236,1
en_213,0
ru_3669,1
de_569,0
ru_7715,0
de_596,0
en_840,0
fr_49,0
ru_4974,1
ru_1525,0
ru_7582,0
en_742,0
de_430,0
fr_362,1
en_389,0
en_783,0
ru_1201,0
de_239,0
en_814,1
ru_8237,0
ru_1559,0
ru_1488,0
en_615,1
de_628,0
ru_281,0
ru_2988,0
en_227,0
ru_7936,0
ru_2844,0
fr_23,1
ru_9804,0
en_49,0
de_109,0
ru_5912,1
ru_4136,0
fr_164,0
ru_3113,0
ru_12537,0
de_51,0
ru_8446,0
ru_9856,0
ru_6500,0
en_37,1
de_234,0
ru_3777,0
de_557,0
en_729,0
ru_4056,0
ru_3163,0
fr_142,0
ru_11064,0
en_768,0
ru_7508,0
ru_16,0
fr_171,0
ru_7106,0
ru_11822,0
de_132,0
en_905,0
en_660,0
de_120,0
ru_10,0
ru_3091,0
ru_2256,0
fr_153,0
ru_1646,1
ru_11997,0
ru_5591,0
ru_4708,0
de_134,0
fr_112,0
en_418,0
en_74,0
en_210,0
fr_156,0
ru_12989,0
fr_398,0
ru_6686,0
de_586,0
de_17,0
ru_3824,1
ru_7507,0
de_351,0
ru_2008,0
ru_3847,0
fr_130,1
en_667,0
en_809,0
en_124,0
de_122,0
ru_4892,1
ru_12150,0
ru_4131,0
ru_6296,0
ru_1092,0
de_372,0
en_894,1
ru_6752,0
ru_10645,0
de_444,0
de_498,0
ru_10167,0
ru_9920,0
ru_13221,0
ru_5138,0
ru_158,0
en_804,0
en_785,0
ru_10699,0
ru_12667,0
ru_11295,0
ru_8434,0
ru_4938,0
de_319,0
en_747,0
de_275,0
de_415,0
fr_43,0
en_787,0
ru_813,0
ru_10428,0
de_93,0
ru_13213,0
ru_6369,0
fr_84,0
en_555,0
en_915,0
ru_11925,0
ru_11357,0
ru_3458,0
ru_2027,0
ru_8482,0
de_299,0
fr_255,0
ru_9070,0
ru_9276,0
ru_12954,0
ru_9103,0
fr_8,1
ru_3563,1
en_570,0
ru_135,0
fr_194,0
ru_5469,0
ru_12283,0
ru_11815,1
ru_739,0
de_377,0
de_598,0
fr_209,0
ru_10989,0
ru_6732,0
de_487,0
en_624,0
ru_6146,0
ru_11347,1
en_490,0
ru_4622,0
en_251,0
ru_9287,0
fr_400,0
ru_658,0
en_254,0
ru_9586,0
de_178,0
ru_11470,0
fr_237,1
ru_6556,0
ru_2171,1
de_144,0
ru_9783,0
de_176,0
ru_309,0
de_288,0
de_416,0
ru_3539,0
de_45,0
ru_854,0
de_473,0
ru_5818,0
ru_6896,0
ru_12385,1
en_345,0
ru_9824,0
ru_5879,0
ru_12758,1
en_330,0
fr_303,0
fr_310,0
fr_262,0
ru_8194,0
ru_10177,0
ru_11975,1
fr_42,1
ru_2232,0
ru_12004,0
ru_11780,0
ru_8945,0
fr_97,0
ru_1792,1
en_238,0
de_149,0
ru_6481,0
ru_69,0
ru_2210,0
en_834,0
ru_7134,0
en_122,1
ru_9568,0
ru_11864,0
ru_920,1
ru_5801,0
ru_870,0
fr_335,1
ru_9408,0
ru_11308,0
ru_3320,0
ru_5008,0
en_594,0
ru_11724,0
ru_7309,0
en_651,0
ru_8985,0
ru_407,0
de_323,0
ru_11974,0
ru_8323,0
de_309,0
ru_1955,0
en_940,0
ru_6170,0
en_454,0
de_540,0
de_535,0
ru_10798,0
ru_777,1
ru_10663,0
ru_5155,1
ru_11448,0
de_19,0
en_546,0
ru_11875,0
ru_4621,0
ru_9884,0
ru_790,0
de_439,0
fr_195,0
fr_100,0
ru_721,0
ru_12755,0
en_64,0
ru_10912,0
de_563,0
ru_252,0
ru_5294,0
de_291,0
ru_7488,0
ru_579,0
en_31,0
fr_407,0
de_204,0
en_900,0
en_780,0
ru_10216,0
ru_3307,0
en_559,0
ru_13400,0
ru_3217,0
en_633,0
fr_173,0
ru_9324,0
ru_12222,0
ru_13422,0
ru_1869,0
ru_11193,0
ru_13243,1
ru_2187,0
ru_10402,0
ru_12619,0
fr_376,0
ru_4696,0
fr_36,0
ru_4759,0
de_215,0
ru_732,1
ru_8250,0
fr_208,0
en_676,0
ru_7819,0
en_172,0
de_197,1
ru_4530,0
ru_1483,0
ru_7878,0
ru_8634,0
ru_3053,0
ru_10095,0
en_821,0
ru_7458,0
en_225,0
de_96,0
fr_330,0
de_139,0
de_588,0
fr_243,0
ru_11748,0
ru_1979,0
ru_13317,0
ru_6293,0
de_464,0
ru_8506,1
ru_13131,1
ru_5956,0
ru_7234,0
ru_5524,0
en_22,0
ru_2910,0
ru_4671,0
ru_11704,0
en_833,0
ru_5113,0
de_150,0
ru_8894,0
de_600,0
ru_7465,0
ru_8476,0
de_458,0
ru_2980,0
ru_12607,0
de_240,0
ru_13335,0
ru_13434,0
ru_6785,0
ru_8407,0
ru_12896,0
ru_6173,0
ru_9764,0
ru_13239,0
ru_1166,0
ru_823,0
ru_6128,0
en_2,0
en_367,0
ru_11951,1
ru_6631,0
ru_1499,0
ru_2360,0
ru_2120,1
de_99,0
ru_9659,0
ru_2196,0
de_192,0
en_121,0
en_97,0
fr_391,0
ru_375,1
en_845,0
en_746,0
ru_7428,0
ru_5247,0
en_948,0
ru_4106,0
ru_1975,0
ru_9413,0
ru_3392,0
ru_4201,0
ru_4239,0
ru_12673,0
ru_1570,1
en_781,0
ru_10611,1
fr_57,0
de_166,0
ru_2157,0
en_193,0
ru_10436,0
ru_4253,0
en_879,0
de_95,0
ru_1750,1
en_132,0
ru_5732,0
ru_11306,0
de_80,0
en_382,0
ru_517,1
en_312,0
ru_12095,1
de_152,0
ru_4475,0
ru_5165,0
en_459,0
ru_2795,0
ru_11732,0
ru_4210,0
ru_13185,0
ru_5357,1
ru_10339,0
en_170,0
en_843,0
en_387,0
en_496,0
ru_7840,0
de_310,0
ru_2400,0
en_161,0
ru_4021,0
en_273,0
ru_13043,0
ru_12232,0
ru_10936,0
de_496,0
ru_10385,0
de_185,0
de_206,0
de_411,0
fr_245,0
ru_5462,0
ru_12400,0
de_306,0
en_699,0
de_168,0
ru_6259,0
en_178,0
ru_5826,0
ru_4030,0
ru_9231,0
ru_2927,0
de_212,0
ru_5772,0
de_84,0
en_319,0
fr_386,0
en_823,0
ru_571,0
fr_222,0
en_289,0
en_913,0
ru_501,0
fr_235,0
ru_1383,1
ru_3924,0
ru_4628,1
en_685,0
ru_2794,0
fr_277,1
de_181,0
en_106,0
de_433,0
de_290,0
ru_275,0
fr_71,1
de_537,1
ru_9962,0
de_189,0
ru_11950,0
en_489,0
de_280,0
de_367,0
ru_2134,0
ru_10350,0
de_271,0
ru_8582,1
ru_3172,0
ru_6799,0
ru_11619,0
ru_7890,0
de_111,0
en_171,0
de_368,0
en_554,0
de_221,0
ru_11095,0
en_188,0
ru_8308,0
ru_10776,0
ru_9481,0
de_462,0
ru_12592,0
ru_10048,0
de_553,0
en_658,0
fr_395,0
ru_3966,0
ru_9724,0
fr_292,0
ru_2626,0
de_403,0
ru_5765,0
ru_12261,0
ru_11899,0
ru_2524,0
fr_16,0
ru_9689,0
ru_6528,1
fr_410,0
ru_3534,0
en_472,0
en_644,0
ru_6927,0
ru_2469,0
de_193,0
ru_8187,0
en_390,0
ru_442,0
de_315,0
ru_1561,1
ru_6917,0
ru_43,0
ru_12939,0
ru_5046,0
de_113,0
ru_805,0
en_185,0
de_90,1
ru_6987,0
ru_5135,0
ru_10832,0
ru_2599,0
fr_404,0
ru_7988,0
ru_8852,0
ru_1438,0
ru_3355,0
ru_7326,0
fr_408,0
ru_8592,0
ru_2659,0
ru_3727,0
ru_11991,1
ru_10476,0
en_533,0
en_447,0
en_411,0
ru_171,0
ru_11880,0
ru_9547,1
ru_4130,0
fr_204,0
fr_125,0
ru_11382,1
ru_9921,0
ru_433,0
ru_8344,0
en_607,0
en_488,0
de_451,0
ru_12367,0
ru_8981,1
ru_1604,0
fr_155,0
de_604,0
ru_9438,0
en_788,0
ru_7708,0
ru_5554,0
en_291,0
ru_13251,0
en_130,0
de_255,0
ru_11847,0
de_512,0
en_222,0
ru_1808,0
de_73,0
ru_2737,1
en_55,0
de_43,0
ru_2502,0
ru_5434,0
ru_12940,0
de_601,0
fr_281,0
ru_13431,0
en_888,0
ru_5094,0
de_427,0
de_607,0
de_495,0
de_352,0
ru_11721,0
ru_849,0
ru_10970,0
en_50,0
ru_187,1
ru_3055,0
ru_5526,0
ru_1087,0
fr_176,0
de_620,0
ru_8195,0
en_195,0
en_927,0
ru_10588,0
en_281,0
ru_12600,0
ru_1998,0
ru_7928,0
en_617,0
ru_4258,0
ru_724,0
en_8,0
ru_11317,0
de_357,0
en_739,0
en_956,0
ru_1039,0
ru_6057,0
ru_5986,0
fr_197,0
ru_1877,0
ru_10766,0
de_252,0
ru_4713,0
ru_10559,0
en_673,0
fr_46,0
ru_5221,0
ru_11165,0
en_65,0
ru_5930,0
en_341,0
ru_9793,0
de_333,0
ru_12045,0
fr_117,0
fr_86,0
en_899,0
ru_1753,0
fr_418,0
ru_13410,0
en_377,0
ru_144,0
en_481,1
ru_2842,0
ru_9666,0
fr_99,0
ru_11620,0
ru_11841,0
ru_6274,0
de_591,0
ru_8437,0
de_446,0
ru_4952,0
en_361,1
en_813,0
en_63,0
de_453,0
ru_1011,0
ru_2201,0
ru_12856,0
ru_11251,0
fr_384,1
de_14,0
ru_12194,0
ru_4287,0
ru_7302,0
de_567,0
ru_12419,0
ru_2279,0
de_361,0
en_880,0
en_878,0
ru_9960,1
fr_247,0
en_480,0
en_149,0
ru_386,0
ru_9892,0
en_704,0
ru_10236,0
ru_9461,0
de_570,0
ru_1820,0
en_540,0
ru_5952,0
ru_13028,0
ru_13090,0
ru_11271,0
ru_11889,0
ru_1566,0
de_491,0
fr_343,0
fr_228,0
ru_4137,1
ru_12275,0
en_403,0
ru_2588,0
ru_2835,0
en_422,0
ru_4524,1
ru_8794,0
de_507,0
de_394,0
ru_12384,0
en_535,0
en_721,0
en_484,0
en_924,0
en_921,0
ru_7055,1
en_850,0
en_876,1
ru_3780,0
ru_1208,0
en_3,0
ru_9686,0
ru_7492,0
ru_6051,0
de_434,0
ru_13286,0
ru_4164,0
en_724,0
ru_11141,0
en_645,0
fr_393,0
ru_2531,0
ru_1437,0
ru_5042,0
en_4,0
ru_3290,1
en_290,0
en_830,0
ru_9875,0
ru_3000,0
ru_10485,0
en_870,0
de_156,0
ru_756,1
ru_10633,0
ru_550,0
ru_910,0
fr_9,0
ru_2310,0
ru_7534,0
en_123,0
ru_13237,0
ru_12914,0
ru_12010,0
ru_6454,0
ru_8348,1
ru_10779,0
de_331,0
en_217,0
ru_5416,0
ru_2848,0
ru_2832,0
de_228,0
en_146,0
ru_6026,0
ru_2989,1
ru_3595,0
en_462,0
ru_13055,0
de_529,0
ru_4811,1
ru_391,1
ru_10605,0
fr_121,0
de_520,0
en_904,0
ru_8058,0
de_32,0
ru_10659,0
en_628,0
ru_7275,0
ru_269,0
ru_418,0
ru_8670,0
ru_2660,0
ru_7486,0
fr_110,0
ru_1945,0
ru_12306,0
en_815,0
en_590,0
fr_149,0
ru_6943,0
de_230,0
fr_223,0
ru_3047,0
de_409,0
de_170,0
de_542,0
en_836,0
ru_6456,0
en_616,0
en_110,0
en_486,0
ru_1663,0
ru_3206,0
ru_7126,0
en_207,0
ru_10444,0
de_566,1
ru_5882,0
ru_11612,0
ru_2715,0
ru_1237,1
en_119,0
ru_3938,0
ru_10631,0
ru_2006,1
ru_6735,0
en_60,0
de_326,0
fr_417,0
ru_7483,0
ru_11916,0
en_76,0
ru_3816,0
de_622,0
ru_3708,0
de_329,0
ru_4798,0
fr_263,0
ru_6389,0
ru_6238,0
ru_11687,0
en_383,0
en_344,0
en_460,0
en_71,0
ru_4782,1
ru_8950,0
ru_9906,0
ru_9342,0
ru_3401,0
fr_175,0
fr_344,0
ru_2056,0
ru_9180,0
ru_12035,0
ru_8384,0
en_789,0
en_113,0
ru_4456,0
en_340,0
de_174,0
en_159,0
en_500,0
en_105,0
ru_3792,0
de_218,0
ru_3301,0
ru_12824,1
fr_56,0
ru_1273,0
ru_1302,0
ru_4880,0
ru_12710,0
ru_2274,0
en_141,0
ru_9775,0
ru_11877,0
ru_12526,0
de_578,0
ru_4207,0
ru_11258,0
fr_254,0
ru_10913,0
en_313,0
ru_4992,0
fr_183,0
ru_3090,1
de_209,0
de_294,0
en_67,0
ru_5319,0
fr_356,0
ru_8060,0
ru_8088,0
de_354,0
en_406,0
ru_9204,0
ru_5664,0
ru_5781,0
ru_9600,0
ru_4052,1
en_348,0
ru_6322,0
en_372,0
ru_7020,0
de_52,0
ru_630,0
en_398,0
ru_12716,0
ru_6761,1
ru_10720,0
fr_399,0
ru_13236,0
en_752,0
ru_8692,0
ru_11809,1
ru_3742,0
de_30,0
ru_6624,0
ru_10222,0
ru_1551,0
de_437,0
fr_278,0
ru_10533,0
ru_13118,0
ru_7380,0
ru_7415,0
en_362,0
fr_269,1
ru_8184,0
ru_367,0
ru_5835,0
de_184,0
ru_3603,0
ru_13433,0
de_322,0
ru_12203,0
en_363,0
en_397,0
ru_11235,0
ru_11385,0
en_94,0
ru_1632,0
de_44,0
en_138,0
ru_1453,1
ru_864,0
ru_3548,0
ru_10888,0
fr_167,0
en_816,0
ru_10721,0
ru_7376,0
ru_656,0
de_257,0
ru_665,0
ru_1259,0
en_99,0
ru_9330,0
fr_13,0
ru_9151,0
ru_2582,0
ru_947,0
ru_7911,0
ru_10159,0
en_510,0
ru_10619,0
en_558,0
ru_5384,0
ru_7048,0
de_264,1
en_434,0
en_135,0
de_56,0
fr_61,0
ru_12621,0
en_499,0
ru_180,1
en_587,0
en_958,0
fr_48,0
ru_452,0
ru_9916,0
ru_4886,1
ru_11394,0
de_287,0
ru_6270,0
ru_6208,0
en_308,0
en_306,0
ru_8803,0
en_635,0
fr_102,0
ru_5128,1
ru_2959,0
ru_9001,0
ru_5559,0
ru_5994,0
en_18,0
ru_12579,0
ru_9837,0
ru_8772,0
en_515,0
ru_8970,0
ru_7517,0
ru_5275,0
de_499,0
ru_3410,0
en_456,0
ru_239,0
ru_6784,0
ru_4185,0
ru_8698,0
en_737,0
ru_3567,0
fr_388,0
ru_1690,1
ru_12233,0
en_534,0
ru_3658,0
fr_31,0
ru_9370,0
ru_9976,0
fr_383,0
ru_3069,0
ru_7256,0
en_156,0
en_551,0
ru_2362,0
ru_11495,1
de_246,0
en_112,0
de_267,0
ru_13006,0
en_61,0
de_63,0
ru_13150,0
en_757,0
ru_1837,1
ru_5720,0
ru_6272,0
ru_13272,0
ru_9797,0
en_599,0
ru_1947,0
en_187,0
de_103,0
ru_3146,1
ru_1030,0
de_509,0
ru_12826,0
ru_6680,0
ru_12633,0
fr_231,0
ru_3280,1
fr_274,0
en_671,0
fr_201,0
de_359,1
ru_9988,0
de_300,0
fr_369,0
en_838,0
fr_307,0
ru_5795,0
fr_127,0
en_428,0
en_612,0
en_613,0
ru_2388,1
en_581,0
ru_12166,0
ru_9144,0
en_906,0
en_137,0
ru_3683,0
ru_8132,0
ru_5,0
ru_5552,0
de_108,0
ru_12784,0
en_409,0
de_58,0
de_76,0
ru_4660,0
de_369,0
ru_11606,0
fr_151,0
ru_5584,0
ru_4281,0
en_552,0
en_733,0
ru_8082,0
en_298,1
de_121,0
ru_10244,0
ru_8012,0
ru_11946,0
fr_276,0
de_124,0
ru_653,0
en_209,0
ru_1545,0
ru_289,0
en_127,0
ru_13029,0
ru_4513,0
de_443,0
ru_10203,0
ru_4569,0
ru_3370,0
ru_7906,0
en_177,1
en_847,0
de_325,0
ru_10655,0
en_466,0
ru_8310,0
ru_6271,0
ru_4540,0
fr_372,0
ru_3481,0
en_175,0
ru_4282,0
en_865,0
en_165,0
ru_10801,0
de_421,0
ru_10262,0
de_6,0
fr_298,0
de_440,0
en_279,0
en_808,0
en_381,0
ru_5506,0
ru_6539,0
ru_3784,0
ru_747,0
ru_4729,0
en_912,0
en_939,0
ru_244,0
ru_8514,0
ru_2404,0
de_195,0
en_160,0
ru_11635,0
ru_9560,0
ru_2862,0
ru_9228,0
ru_4778,1
en_78,0
en_841,0
ru_3774,0
en_263,1
ru_423,0
de_223,0
en_573,0
en_468,0
de_575,0
en_186,0
ru_2894,1
en_700,0
en_302,0
ru_2943,0
de_419,0
en_565,0
en_51,0
de_258,0
de_296,0
ru_7895,0
en_774,0
ru_505,0
ru_5965,0
en_666,0
en_396,0
ru_10032,0
ru_9807,0
fr_78,0
ru_9806,1
ru_2391,0
ru_11758,0
ru_12623,0
en_248,0
de_450,0
ru_7872,0
ru_10673,0
fr_324,0
ru_9868,0
fr_20,0
ru_2017,1
ru_5501,0
ru_2183,0
ru_9938,0
en_591,0
de_412,0
ru_13072,0
ru_1936,0
ru_13398,0
ru_1839,0
ru_10858,0
en_553,0
ru_12732,0
ru_1342,0
de_431,0
ru_11661,0
en_336,0
en_539,0
ru_5250,1
en_125,0
ru_1756,0
ru_11058,0
ru_2023,0
de_102,0
ru_10342,1
ru_6393,0
en_215,0
ru_5133,1
en_778,0
en_745,0
ru_5949,0
ru_4917,0
ru_2760,0
ru_2685,0
ru_7536,0
ru_4055,0
en_663,0
ru_6223,0
en_326,0
ru_13361,0
ru_8725,0
de_397,0
en_11,0
ru_11022,0
fr_184,0
en_619,0
ru_6760,1
fr_182,1
ru_13053,0
ru_933,0
de_382,0
ru_11878,0
ru_3193,0
ru_6501,0
ru_291,0
ru_4842,1
ru_7669,0
fr_230,0
ru_9936,0
ru_9498,0
de_556,0
en_107,0
en_162,0
ru_3284,0
ru_7994,0
ru_10583,0
ru_2347,1
en_722,0
fr_18,0
fr_114,0
en_433,0
ru_11485,0
ru_6437,0
ru_161,0
fr_232,0
fr_118,0
ru_9620,0
ru_10662,0
ru_1256,0
ru_2366,1
ru_6562,0
en_471,0
en_771,0
fr_95,0
ru_1548,1
ru_13137,0
ru_9595,0
ru_3240,0
ru_5914,0
en_57,0
ru_11498,0
ru_10204,0
de_347,0
en_740,0
ru_1094,0
en_506,0
ru_12900,0
de_580,0
de_75,0
en_400,0
ru_3291,0
ru_9718,0
ru_2109,0
ru_12734,0
ru_8722,0
de_179,0
ru_9406,0
en_653,0
ru_9757,0
ru_4595,0
de_606,0
en_584,0
de_25,0
fr_24,0
ru_8389,0
ru_6426,0
de_173,0
ru_3475,0
de_332,0
ru_1066,0
en_432,0
de_343,0
ru_10368,0
ru_4724,0
en_35,0
de_480,0
fr_93,0
ru_11895,1
fr_342,0
en_564,0
ru_1441,0
en_448,0
en_174,0
en_744,0
en_259,0
ru_8640,0
ru_6999,0
fr_26,0
ru_3878,1
ru_6858,0
ru_8393,0
ru_3229,1
ru_10106,0
ru_8963,0
en_819,1
ru_2213,0
ru_8468,0
en_748,0
ru_3882,0
en_235,0
ru_6328,0
ru_9509,0
ru_6477,0
de_67,0
en_692,0
de_222,0
ru_4991,0
ru_11342,0
ru_4607,0
en_929,0
de_88,0
ru_4962,0
ru_2643,0
ru_11692,0
ru_3720,0
en_719,0
ru_2572,0
ru_891,1
ru_7441,0
ru_2672,0
ru_9065,0
ru_1221,0
en_91,0
de_398,0
ru_7238,0
en_727,0
ru_13406,1
ru_7830,0
ru_133,0
en_368,0
ru_6079,0
en_43,0
ru_10118,0
en_318,0
ru_1517,0
fr_345,0
de_284,0
en_258,0
ru_3470,0
fr_264,0
ru_8433,0
ru_8278,0
ru_13120,0
de_615,0
ru_4041,0
ru_6497,0
ru_4172,0
de_424,0
ru_11793,0
ru_152,0
ru_6629,0
en_566,0
ru_4983,0
ru_12865,1
fr_205,0
de_501,0
ru_7795,0
en_918,0
de_551,0
de_559,0
fr_253,0
ru_5533,0
en_627,0
ru_5219,0
ru_9714,0
de_219,0
ru_7286,0
en_715,0
en_86,0
de_210,0
ru_5016,0
ru_13388,1
ru_3311,0
de_552,0
en_395,0
ru_10492,0
ru_9421,0
fr_314,0
ru_5278,0
ru_5525,0
de_534,0
ru_12582,0
ru_9541,0
ru_3661,1
ru_11202,0
en_603,0
ru_11631,1
fr_5,0
ru_3997,0
fr_333,0
de_0,0
ru_13372,0
ru_4618,0
ru_1371,0
ru_5441,0
en_698,0
de_248,0
ru_4590,0
ru_8230,0
en_861,0
ru_7225,0
ru_7542,1
ru_977,0
ru_8944,0
ru_6662,0
ru_12946,1
ru_75,1
ru_1885,0
ru_240,0
de_273,0
ru_1912,0
ru_3818,0
de_279,0
fr_318,1
ru_10963,0
ru_45,1
ru_1449,1
ru_4995,1
en_801,0
ru_558,0
ru_9353,0
ru_10442,0
ru_967,0
ru_6372,0
ru_11239,0
de_155,0
ru_6300,0
fr_351,0
en_794,0
ru_4264,0
ru_7381,0
fr_347,0
ru_10247,0
ru_11094,0
ru_11517,0
ru_5034,1
fr_308,0
ru_10698,0
ru_11601,0
en_370,0
en_596,0
de_211,0
ru_2877,0
en_435,0
en_494,0
en_365,0
de_265,0
ru_4950,0
en_482,0
fr_66,0
ru_3413,0
fr_10,0
ru_12610,0
en_375,0
en_922,0
fr_295,0
ru_8732,0
ru_3671,0
ru_9618,1
ru_10265,0
ru_9191,0
de_247,0
ru_12362,0
ru_10700,0
ru_4545,0
fr_289,0
ru_498,0
en_134,0
de_269,0
fr_35,0
ru_4926,1
ru_8470,0
ru_2791,0
ru_1778,0
ru_7905,0
ru_8837,0
ru_10777,0
ru_7135,1
fr_14,0
de_545,0
ru_5974,0
ru_9711,0
ru_9979,0
de_260,0
en_761,0
en_944,0
ru_1481,0
fr_293,0
de_614,0
en_544,0
fr_389,0
ru_12326,0
en_100,0
de_220,0
ru_9,0
de_486,0
ru_8038,0
en_650,0
ru_1345,1
de_259,0
ru_1501,0
de_387,0
fr_213,0
ru_534,0
ru_4966,0
ru_12609,0
en_457,0
ru_8340,0
ru_8057,0
de_555,0
en_183,0
en_75,0
ru_7610,0
ru_2262,0
ru_8606,0
ru_8508,0
en_42,0
en_621,0
ru_4609,0
ru_2754,0
en_288,0
ru_10173,0
de_508,0
de_7,0
en_610,0
ru_307,0
ru_491,0
ru_3542,0
ru_6314,0
ru_6664,0
en_426,0
en_898,0
de_379,0
ru_8330,0
ru_7620,0
fr_44,0
fr_139,0
ru_5037,1
fr_377,0
ru_4754,0
ru_12597,0
ru_9706,0
ru_4928,0
ru_2576,0
de_65,0
ru_9608,0
ru_1722,0
ru_1840,0
ru_5903,0
ru_1364,0
fr_45,0
ru_12723,1
ru_6446,0
fr_147,0
ru_5615,0
de_629,0
en_750,0
ru_7143,0
ru_4000,0
ru_7823,0
ru_9334,0
ru_6359,0
ru_1098,0
fr_249,0
en_38,0
de_383,0
ru_8366,0
ru_11985,0
de_277,0
ru_12096,0
de_31,0
ru_12652,0
ru_10230,0
ru_10986,0
en_728,0
de_612,0
ru_2292,0
de_572,1
ru_2765,0
de_344,0
ru_9407,0
ru_8801,0
en_703,0
ru_2024,0
ru_5966,0
ru_6406,0
ru_7342,0
en_868,0
en_36,0
ru_6305,1
en_83,0
ru_12562,0
en_538,0
ru_4417,1
ru_5596,0
fr_207,1
en_601,0
ru_7093,0
ru_3617,0
en_508,0
fr_331,0
ru_12558,0
de_530,0
de_177,0
en_622,0
de_423,0
ru_3911,0
ru_875,1
ru_11857,0
ru_4058,1
en_347,0
de_574,0
ru_3948,0
ru_277,0
ru_2320,0
de_289,0
ru_4690,0
ru_6330,0
ru_9114,0
ru_406,0
ru_8873,0
ru_2052,0
ru_8133,0
ru_8838,0
ru_3264,0
ru_13349,0
ru_4334,0
ru_7613,0
de_384,0
ru_5429,0
en_882,1
de_371,0
ru_11150,0
ru_6978,0
ru_8487,0
ru_10077,0
ru_5335,0
ru_10393,0
en_52,0
ru_8531,0
ru_4612,1
ru_9404,0
ru_2568,0
de_141,0
ru_13021,0
ru_2628,1
de_492,0
ru_4796,1
ru_12126,0
de_199,0
ru_4560,0
ru_9561,0
ru_6244,0
en_120,0
en_176,0
en_784,0
ru_10006,0
en_392,0
ru_299,0
ru_6616,0
ru_535,0
ru_3489,0
de_196,0
en_557,0
ru_12992,1
fr_240,0
ru_8235,0
en_875,0
ru_1236,0
ru_7942,0
ru_12288,0
en_203,0
ru_6882,0
fr_206,0
ru_9943,0
de_583,0
ru_3108,0
en_753,0
en_642,0
ru_13257,0
ru_9606,0
en_873,0
fr_271,0
de_633,0
ru_5171,1
ru_1216,0
de_162,0
ru_3838,0
ru_12356,0
ru_1579,1
de_414,0
de_619,0
ru_8010,0
en_402,0
fr_291,0
ru_8045,0
de_549,0
ru_9609,0
ru_746,0
ru_8040,0
en_567,0
en_593,0
ru_6902,0
ru_5579,0
ru_866,0
ru_3583,0
ru_2495,0
ru_12664,0
en_862,0
de_613,0
en_304,0
ru_7021,0
fr_6,0
fr_296,0
ru_3525,0
ru_7224,0
fr_108,0
fr_3,0
ru_6345,0
ru_11400,0
ru_2839,0
ru_3176,1
ru_6232,0
ru_3665,0
en_44,0
ru_10202,0
de_48,0
ru_9067,0
ru_2282,0
ru_2422,0
ru_852,0
fr_287,0
ru_6766,0
de_548,0
ru_1179,0
ru_13429,0
fr_122,0
ru_1679,0
ru_9850,0
en_874,0
ru_12056,0
ru_11293,0
ru_1519,0
en_887,0
ru_11806,1
en_643,0
ru_11541,1
ru_1402,0
ru_3472,0
ru_4305,1
ru_454,0
ru_12483,0
ru_2370,0
fr_202,0
ru_516,0
de_603,0
ru_10157,0
en_896,0
ru_960,0
ru_12781,0
ru_4332,0
en_583,0
ru_9110,1
ru_11884,0
ru_7102,0
en_17,0
en_776,0
ru_6484,0
en_240,0
ru_10266,0
ru_9799,0
ru_9368,0
ru_2757,0
ru_7169,0
ru_207,0
ru_4349,0
ru_6863,0
en_294,0
ru_236,0
ru_11913,0
en_652,0
ru_8210,0
ru_408,1
ru_6203,0
ru_7168,0
en_343,0
fr_105,0
ru_11927,0
fr_233,0
en_88,0
fr_363,1
en_305,0
ru_6837,1
en_46,0
en_80,0
ru_3684,0
ru_8790,0
ru_8943,0
de_59,0
en_941,0
ru_11224,0
ru_3660,1
en_25,0
ru_8656,0
ru_6113,0
fr_306,0
en_27,0
de_188,0
ru_637,0
ru_7066,0
ru_435,0
ru_6797,0
ru_2921,0
ru_7581,0
de_227,0
ru_3361,0
en_932,0
ru_612,1
ru_8382,0
en_374,0
fr_63,0
en_72,0
ru_2608,0
ru_4288,0
en_779,0
ru_5695,0
fr_403,0
ru_12944,0
de_314,0
en_386,0
fr_402,1
ru_8101,0
en_755,0
ru_8155,0
ru_5232,0
ru_7827,0
ru_3266,0
en_491,0
en_926,0
ru_10634,0
ru_9081,0
ru_3451,0
ru_4977,0
de_362,0
en_82,0
ru_177,0
en_831,0
en_0,0
de_22,0
ru_12790,0
en_654,0
ru_3,0
ru_4394,0
ru_9486,0
ru_839,0
de_461,1
en_14,0
de_87,0
ru_10602,0
ru_10960,0
de_283,0
de_463,0
de_213,0
ru_7332,0
en_338,1
de_235,0
ru_13080,0
de_599,0
ru_6267,0
ru_12997,0
fr_28,0
ru_4440,0
ru_11988,0
ru_7379,0
ru_9014,0
fr_145,0
ru_7553,0
ru_437,0
ru_3433,1
fr_51,0
ru_5522,0
ru_11369,0
ru_11968,1
en_851,0
ru_12593,0
en_689,0
ru_12838,0
fr_148,0
de_523,0
de_524,0
ru_6386,0
ru_7430,0
ru_10260,0
ru_2238,0
ru_2012,0
en_498,0
en_884,0
fr_17,0
ru_10136,0
de_370,0
ru_10603,0
de_118,0
ru_11268,0
ru_13024,0
ru_7914,0
en_614,0
ru_3469,0
fr_328,1
ru_4317,1
ru_11349,0
ru_3744,0
ru_8496,0
ru_8993,0
ru_3908,0
ru_4963,0
ru_2194,0
fr_138,1
en_241,1
ru_10562,0
en_384,0
en_184,0
ru_7679,0
de_436,0
en_675,0
de_366,0
ru_303,1
de_232,0
ru_4919,0
ru_8796,0
de_408,1
ru_11723,0
de_86,0
fr_210,0
fr_397,0
ru_1650,0
ru_6458,0
ru_6682,0
fr_221,0
de_78,0
ru_11740,0
ru_8192,0
ru_12202,0
ru_7335,0
ru_858,0
ru_6018,0
ru_9444,0
ru_2822,1
ru_676,0
de_425,0
de_393,0
ru_11435,0
de_104,0
ru_12160,0
en_951,0
en_437,0
ru_7494,0
ru_6346,0
ru_7340,0
ru_8746,0
en_588,0
ru_6555,0
en_732,0
ru_10282,0
ru_3406,0
en_792,0
en_943,0
fr_68,0
ru_12873,0
de_497,0
de_465,0
ru_6325,0
ru_9721,0
de_172,0
ru_7036,0
ru_8788,0
ru_10576,0
ru_12333,0
fr_266,0
en_420,0
ru_4474,0
fr_107,0
ru_4970,0
ru_10899,0
en_155,0
de_510,1
ru_4360,0
ru_12625,0
en_550,0
ru_11959,0
ru_2226,0
ru_6005,0
fr_133,0
ru_13351,0
ru_10943,0
de_422,0
de_123,0
ru_5473,0
ru_12075,0
fr_185,0
en_373,0
en_352,0
ru_12281,1
en_576,0
en_639,0
en_796,0
ru_1255,0
de_400,0
ru_2574,0
ru_6327,0
ru_11259,0
en_321,0
ru_10792,0
ru_11457,0
ru_6358,0
fr_348,0
de_457,0
ru_12051,0
ru_1017,1
en_954,0
ru_11005,0
ru_7409,0
fr_7,0
en_957,0
ru_11072,0
ru_2630,0
ru_8469,0
ru_2870,0
en_886,0
ru_12791,0
ru_440,0
ru_6700,0
fr_211,0
de_544,0
de_91,0
ru_9357,0
ru_6409,0
ru_3523,1
ru_10058,0
ru_10610,0
en_677,0
fr_414,0
ru_7707,0
de_238,0
ru_10234,0
en_81,0
en_806,0
ru_329,0
de_163,0
ru_10651,0
ru_7834,0
ru_63,0
ru_7939,0
ru_8215,0
ru_13302,0
ru_11028,0
en_812,0
ru_4104,0
ru_11418,0
ru_3787,1
ru_12957,0
ru_1470,0
ru_12264,0
ru_11554,0
ru_6331,0
en_430,0
de_595,0
de_41,0
de_562,0
ru_6551,0
ru_2472,0
de_244,0
en_307,0
ru_9838,0
ru_2182,0
ru_5977,0
en_416,0
de_262,0
ru_7375,0
en_690,0
en_726,0
ru_7407,0
fr_200,0
en_867,0
ru_3242,0
de_341,0
en_602,0
ru_10781,0
ru_6736,0
de_481,0
ru_11133,0
ru_31,0
ru_1170,0
ru_13101,0
en_767,0
ru_13245,0
ru_9369,0
ru_5810,0
ru_4998,0
ru_5520,0
ru_13389,0
en_226,0
ru_1059,0
ru_6443,0
ru_7561,0
de_348,0
ru_12543,0
ru_12185,0
ru_771,0
en_393,0
fr_22,0
ru_5719,0
de_634,0
ru_1015,0
ru_1504,1
ru_1142,0
ru_8747,0
ru_11184,0
en_444,0
ru_3041,0
de_115,0
en_822,0
en_475,0
en_182,0
ru_3326,0
en_101,0
ru_10371,0
de_57,0
ru_4105,0
ru_5861,0
en_736,0
ru_3781,0
ru_2324,0
ru_12584,0
ru_7345,0
fr_73,0
en_40,0
ru_985,0
en_346,0
de_72,0
en_925,1
ru_4751,1
en_765,0
fr_109,0
ru_2592,0
fr_371,0
en_139,0
ru_4804,0
en_73,0
en_192,0
ru_1419,1
ru_13227,0
ru_12076,0
fr_364,1
en_578,0
ru_3249,0
en_827,0
ru_6373,0
ru_1827,1
ru_639,0
de_441,0
en_47,0
ru_9003,0
fr_15,0
en_547,0
ru_3918,1
ru_1621,0
de_632,0
fr_38,0
en_201,0
de_483,0
en_585,0
ru_1178,0
ru_9846,0
en_441,1
ru_11763,0
ru_13304,0
de_49,0
ru_6160,0
ru_339,1
fr_224,0
en_19,0
fr_85,0
ru_8221,0
en_661,0
en_657,0
ru_7211,0
ru_12828,0
ru_11358,0
ru_9360,0
ru_7022,0
ru_12795,0
ru_1150,0
ru_8081,0
en_355,0
ru_7965,0
en_369,1
en_144,0
en_378,1
ru_5156,0
en_799,0
en_455,0
ru_7557,0
de_35,0
ru_4783,0
ru_157,1
ru_2097,0
ru_3685,0
ru_7112,1
ru_6635,0
en_245,1
de_350,0
ru_12057,0
ru_2644,0
en_682,0
en_417,0
ru_3524,0
en_672,0
ru_5677,0
en_128,0
ru_10227,0
de_373,0
ru_11963,0
en_919,0
en_327,0
en_826,0
fr_152,0
de_470,0
de_140,0
fr_154,0
de_324,0
ru_5571,0
fr_80,0
ru_28,0
ru_6091,0
ru_11520,0
ru_13077,0
ru_286,0
ru_5649,0
de_407,0
ru_4304,0
fr_370,0
ru_2446,0
fr_256,0
ru_4341,0
ru_10184,0
ru_10821,0
ru_11345,0
ru_5379,0
ru_7012,0
de_304,0
ru_1351,0
ru_12958,0
fr_30,0
en_126,0
en_950,0
ru_7737,0
ru_9286,0
ru_11079,0
ru_8748,0
ru_4771,0
fr_327,0
ru_6694,0
ru_3133,0
ru_2772,0
ru_13042,0
ru_6278,0
de_305,0
en_414,0
en_479,0
fr_282,1
ru_1490,0
ru_4033,0
en_625,0
ru_2555,0
fr_187,0
ru_6941,0
en_323,0
ru_5126,0
fr_216,0
fr_366,0
ru_8279,0
de_18,0
en_638,0
en_668,0
de_494,0
ru_3559,0
ru_6402,0
fr_53,0
ru_344,0
en_609,0
ru_12943,0
ru_10544,0
fr_375,0
ru_13076,0
en_39,0
en_295,0
en_678,0
ru_4610,1
en_275,0
ru_10176,0
ru_12237,0
de_345,0
ru_2044,0
fr_352,0
ru_12201,0
ru_10497,0
ru_2356,0
ru_4182,0
ru_8367,0
en_90,0
ru_10071,0
en_147,0
de_85,0
en_509,0
ru_1204,0
en_351,0
ru_7537,0
fr_380,0
de_128,0
en_334,0
ru_11516,0
ru_6188,0
fr_257,0
ru_1878,0
en_329,0
de_308,0
en_662,0
ru_7178,0
ru_12253,0
en_283,0
ru_1967,1
ru_8680,0
ru_10938,0
ru_5625,0
en_157,0
de_217,0
ru_6394,0
ru_7961,0
en_189,0
ru_8888,0
de_276,0
de_490,0
fr_401,0
en_179,0
fr_374,0
ru_368,0
ru_13383,0
ru_7307,0
ru_11393,0
en_5,0
ru_4076,0
de_282,0
ru_12355,0
en_282,0
ru_7490,1
fr_334,0
ru_7304,0
ru_8170,0
ru_3101,0
ru_2615,0
de_621,0
ru_5358,0
en_743,0
en_360,0
ru_1565,0
en_848,0
en_580,0
en_656,0
ru_11062,0
ru_6014,0
ru_2552,0
ru_7195,0
en_270,0
ru_8305,0
de_577,0
ru_10381,0
ru_13057,0
en_707,0
ru_11151,0
ru_10277,0
ru_11143,0
fr_227,0
en_802,0
en_629,0
ru_9321,0
ru_10623,0
de_270,0
de_631,0
ru_6263,0
de_301,0
de_460,0
en_421,0
en_452,0
ru_2706,0
ru_4245,0
ru_8787,0
ru_4455,0
ru_3036,0
ru_12040,1
fr_203,0
ru_2186,1
ru_3984,1
ru_10387,0
de_504,0
ru_11885,0
ru_11366,0
de_381,0
ru_2711,0
en_523,0
ru_4226,0
ru_12833,0
ru_8404,0
de_375,0
ru_2433,0
ru_1706,0
ru_10221,0
fr_305,0
ru_7775,0
ru_2231,1
ru_2982,0
ru_9617,0
ru_4908,0
de_531,0
ru_10334,0
fr_2,1
en_224,0
de_186,0
ru_9953,0
ru_4814,1
ru_6234,0
en_798,0
en_415,0
ru_12359,0
ru_8792,0
en_536,0
en_228,0
ru_6065,0
de_609,0
en_713,0
ru_7626,1
fr_321,0
ru_9477,0
ru_11395,0
ru_4014,1
de_404,0
ru_7568,0
ru_3753,0
ru_12608,0
de_158,0
en_749,0
ru_3688,0
fr_268,0
de_353,0
en_180,0
ru_10114,0
ru_1782,0
de_445,0
ru_11675,0
fr_120,0
en_738,0
ru_3402,0
de_312,0
de_550,0
ru_112,1
ru_9493,0
de_307,0
ru_8002,0
fr_60,0
ru_6604,0
en_930,0
ru_13105,1
fr_115,0
ru_1491,0
en_219,0
ru_3925,0
ru_4957,0
ru_11938,0
fr_336,0
de_13,0
fr_239,0
fr_174,0
de_515,0
ru_1928,0
de_410,0
ru_4213,0
ru_8259,0
de_208,0
ru_5271,0
de_459,0
ru_2264,1
ru_8436,0
ru_6306,0
ru_8322,0
ru_8533,0
ru_12945,0
en_885,0
en_714,0
ru_2639,0
ru_10303,0
de_554,0
en_413,1
ru_5002,0
ru_5997,1
en_928,0
fr_0,0
ru_9160,0
de_317,0
ru_5700,0
ru_6159,1
en_296,0
de_428,0
ru_3650,0
de_105,0
de_142,0
ru_610,0
ru_9425,1
de_89,0
ru_1597,0
ru_5959,0
ru_10667,0
ru_1874,0
en_953,0
en_769,0
ru_12091,0
de_1,0
ru_11209,0
ru_6291,0
en_955,0
ru_9024,0
ru_6002,0
ru_8499,0
ru_13089,0
en_56,0
ru_616,0
de_593,0
en_696,0
ru_13121,0
ru_6867,0
en_577,0
ru_883,1
de_214,0
fr_144,0
ru_5629,0
ru_3541,0
ru_5464,0
ru_9457,0
ru_6148,0
ru_4290,0
en_568,0
ru_9398,0
ru_8293,0
ru_9970,0
ru_6016,0
en_311,0
ru_2445,0
de_274,0
de_71,0
ru_7222,0
en_34,0
de_395,0
de_585,0
en_337,0
ru_4654,0
ru_10892,0
ru_7253,0
ru_1821,0
ru_8178,0
ru_12206,0
ru_6856,1
ru_195,0
en_764,0
ru_7263,0
en_211,0
ru_2321,0
ru_7764,0
ru_11390,0
de_528,0
de_378,0
en_560,0
ru_3209,0
ru_3513,0
ru_10839,0
de_349,0
ru_3745,0
ru_9361,0
ru_5601,0
en_710,0
fr_416,0
de_592,0
de_521,0
ru_11919,0
ru_7526,1
ru_6852,0
en_30,0
ru_5161,0
ru_5680,1
ru_4670,0
en_253,0
en_810,0
fr_157,0
fr_158,0
ru_9169,0
ru_4191,0
ru_8288,0
ru_10015,0
en_531,0
en_380,0
ru_8913,0
ru_700,0
de_83,0
fr_234,0
ru_13222,0
de_20,0
ru_5802,0
ru_1598,0
en_563,0
fr_339,0
en_711,0
ru_13198,0
en_45,0
ru_2581,0
ru_9188,0
fr_252,0
ru_8797,0
ru_4025,0
ru_2710,0
de_516,0
fr_103,0
en_431,0
ru_8886,0
ru_12897,1
ru_8768,0
ru_2154,0
fr_272,0
ru_9220,0
ru_7693,0
ru_917,0
ru_6285,0
fr_313,0
ru_11573,0
ru_9031,0
fr_81,0
ru_4312,0
fr_52,0
fr_69,0
ru_3734,0
ru_11506,0
ru_2266,0
de_21,0
ru_10974,0
fr_251,0
ru_1086,0
fr_283,0
ru_13392,0
ru_585,1
ru_2996,0
ru_1754,0
en_218,0
de_484,0
ru_8318,1
en_168,0
de_278,0
fr_354,1
ru_6061,0
en_196,0
ru_4476,0
de_573,0
en_407,0
fr_359,0
ru_4500,0
ru_11540,0
de_587,0
ru_11076,0
ru_8933,0
en_317,0
fr_373,0
fr_40,0
ru_7031,1
ru_11728,0
de_448,0
ru_1355,0
ru_4469,0
ru_9542,0
ru_8763,0
ru_86,0
ru_1220,0
en_691,0
en_549,0
en_199,0
ru_5386,0
de_295,0
en_548,0
ru_4547,0
de_590,0
ru_12254,0
ru_3244,0
ru_4769,0
ru_2219,0
ru_2273,0
de_426,0
ru_10643,0
en_1,0
ru_3506,0
ru_9732,0
de_558,0
ru_1541,0
ru_8511,0
ru_6979,0
ru_1382,1
ru_3255,0
ru_979,0
en_142,0
en_717,0
ru_7041,0
ru_1630,0
ru_5472,0
en_705,0
ru_12693,0
ru_7418,0
ru_1451,0
ru_6236,0
ru_6517,0
ru_3021,0
en_243,0
ru_11905,1
ru_11231,0
ru_3778,0
ru_7313,0
en_891,0
en_592,0
en_314,0
ru_3491,1
ru_7656,0
ru_8953,0
ru_8240,0
ru_7506,0
ru_3391,0
en_85,0
ru_538,0
fr_338,0
fr_161,0
en_712,0
de_36,0
de_454,0
fr_279,0
ru_9739,0
en_148,0
en_229,0
ru_12801,0
de_37,0
fr_340,0
fr_349,1
ru_6866,0
en_388,0
en_561,0
de_39,0
en_467,1
ru_9759,0
de_169,1
en_325,0
ru_3418,0
ru_12848,0
ru_2218,0
ru_113,1
ru_9601,0
ru_11378,0
en_641,1
en_249,0
en_350,0
en_936,0
de_581,0
ru_9551,0
ru_8182,0
fr_258,0
fr_146,0
de_159,0
de_2,0
ru_8076,0
ru_2503,0
fr_215,0
ru_12998,0
ru_9470,0
ru_2477,0
en_597,0
en_777,0
en_916,0
fr_409,0
en_545,0
ru_2337,0
ru_13011,0
de_53,0
en_797,0
en_914,0
ru_5415,0
ru_3707,0
ru_13172,0
ru_9478,0
ru_2812,0
fr_190,0
ru_6064,0
en_359,0
fr_250,0
ru_3359,0
en_608,0
en_595,0
fr_137,0
ru_593,0
ru_7081,0
en_869,0
en_32,0
ru_1685,0
en_293,0
en_442,0
fr_172,0
ru_13112,0
ru_596,0
ru_4740,0
ru_13091,0
ru_12382,0
ru_10469,0
fr_329,0
ru_12476,0
de_399,0
ru_909,0
ru_5809,0
ru_2170,0
fr_70,0
de_432,0
de_293,0
ru_8381,0
de_145,0
ru_7462,0
ru_7368,0
ru_12577,0
en_114,0
ru_8098,0
ru_8948,0
ru_13322,0
de_340,0
ru_7682,0
ru_8264,0
de_266,0
ru_8878,0
ru_2805,0
en_772,0
de_272,0
fr_62,0
fr_113,0
de_245,0
de_318,0
de_477,0
ru_5461,0
fr_323,0
ru_3998,0
fr_179,0
ru_8699,0
en_917,0
ru_4244,0
en_256,0
en_805,0
ru_3474,1
de_251,0
ru_2558,0
de_547,1
fr_104,0
de_311,1
ru_7977,0
en_79,0
en_424,0
ru_5968,0
de_15,0
ru_399,1
fr_286,0
ru_9422,0
ru_2969,0
ru_6255,0
de_38,0
de_364,0
ru_2013,0
de_183,0
ru_12124,0
ru_1654,0
en_143,0
ru_9610,0
ru_11297,0
en_69,0
ru_7646,0
ru_11121,0
ru_9495,0
en_131,0
ru_11926,0
de_616,1
en_445,0
de_402,0
ru_11791,1
fr_300,0
ru_7657,0
ru_7047,0
ru_4859,0
ru_108,0
fr_92,0
fr_192,0
en_514,0
ru_5924,0
ru_13093,1
de_136,0
de_630,0
de_335,0
de_391,0
ru_7926,0
ru_4956,0
ru_728,0
en_818,0
de_401,0
fr_76,0
fr_405,0
ru_4557,0
de_46,0
en_562,0
ru_5011,0
ru_11228,0
en_59,0
ru_6600,0
en_173,0
ru_10130,0
ru_9870,0
ru_3516,0
en_493,0
en_751,0
ru_12898,0
ru_9236,0
en_800,0
de_339,0
de_216,0
en_309,0
de_11,0
en_512,0
ru_7420,0
ru_7284,0
ru_8000,0
ru_10273,0
ru_7185,0
ru_1952,0
ru_1466,1
ru_3810,0
ru_12046,0
de_101,0
ru_804,0
de_171,0
de_107,0
ru_9511,0
ru_3031,1
ru_6210,1
ru_12498,0
ru_12342,0
ru_10483,0
ru_10947,0
ru_6265,0
ru_1700,0
ru_12324,0
fr_406,0
ru_9588,0
ru_8957,0
ru_6647,0
en_519,0
de_153,0
ru_1127,0
de_482,0
ru_7541,0
ru_8418,0
ru_8753,0
en_763,0
ru_12188,0
fr_116,0
en_786,0
ru_2382,0
ru_2164,0
de_406,0
fr_123,0
ru_3466,0
ru_11104,0
ru_1987,1
de_97,0
en_301,0
ru_10956,0
ru_11439,0
ru_2399,0
de_187,0
ru_1478,0
ru_4914,0
ru_11006,0
ru_6258,0
de_148,0
de_28,0
ru_6038,0
ru_11673,0
fr_58,0
ru_4073,0
en_356,0
en_846,0
ru_11476,1
ru_11208,0
en_600,0
ru_948,0
fr_67,0
ru_2994,0
ru_1362,0
en_709,0
ru_10805,1
de_455,0
ru_11375,0
ru_3885,0
ru_548,0
ru_2227,0
de_611,0
de_167,0
fr_96,0
ru_3442,0
ru_646,0
ru_2483,0
en_623,0
de_589,0
en_371,0
ru_8376,0
ru_575,0
en_701,0
ru_8315,0
ru_1423,0
ru_482,0
de_40,0
en_349,0
ru_9102,0
ru_1743,0
ru_3267,0
ru_11783,0
ru_10615,0
ru_10678,0
ru_5670,0
ru_7812,0
ru_6607,0
de_442,0
ru_9924,0
ru_12775,0
ru_8542,0
ru_13394,0
en_262,0
en_782,0
ru_5599,0
en_266,0
de_237,0
ru_12287,0
de_522,0
ru_12990,0
ru_9651,0
ru_8625,0
ru_11650,0
fr_101,0
ru_681,0
ru_10168,0
ru_11856,0
ru_12952,0
ru_12481,0
de_594,0
en_264,0
en_357,0
ru_4398,0
ru_3941,0
ru_1058,1
ru_4352,0
ru_5487,0
ru_1584,0
fr_270,0
ru_76,0
en_236,0
fr_299,0
ru_11817,0
ru_11920,0
en_556,0
ru_6281,0
ru_944,0
ru_2214,0
fr_72,1
ru_13343,0
ru_9650,0
fr_111,0
en_942,0
ru_6586,0
ru_104,0
ru_2567,0
de_514,0
de_81,0
ru_11237,0
en_271,1
ru_12987,0
fr_280,0
ru_6881,0
ru_7479,0
ru_126,0
fr_140,0
de_330,0
ru_11662,0
ru_1012,0
fr_309,0
fr_188,0
ru_475,0
fr_275,0
ru_6873,0
de_182,0
de_164,0
en_517,0
de_452,0
ru_7399,0
ru_8495,0
ru_10703,0
en_277,0
ru_12357,0
en_58,0
ru_321,0
en_246,0
ru_9442,0
ru_11333,0
ru_11936,0
ru_1440,0
ru_2342,1
ru_10813,0
ru_12555,0
de_328,0
en_791,0
ru_7497,0
ru_12502,0
ru_12224,0
en_859,0
ru_12602,0
de_313,0
fr_198,0
ru_13336,0
en_150,0
ru_13075,0
ru_11674,0
ru_7110,0
ru_7316,0
ru_13220,0
en_461,0
fr_143,0
fr_165,0
de_54,1
ru_8068,1
ru_8927,0
en_923,0
ru_12698,0
ru_7869,0
en_702,0
ru_8513,0
ru_9673,0
en_84,0
fr_353,0
ru_4679,1
ru_12273,0
ru_4605,1
ru_6289,0
en_364,0
ru_12071,0
fr_134,0
ru_4177,0
ru_12146,1
ru_7811,0
de_286,0
ru_5315,0
de_429,0
ru_5638,0
ru_10124,0
ru_1281,0
ru_625,0
ru_6715,0
fr_88,0
fr_317,0
ru_4351,0
ru_1873,0
fr_355,0
ru_2892,0
en_760,0
ru_3711,1
de_327,0
ru_8001,1
en_353,0
en_725,0
en_33,0
ru_9385,0
de_342,0
de_147,0
ru_8745,0
ru_7927,0
en_54,0
fr_214,0
fr_332,0
ru_12186,0
en_473,0
ru_6135,0
ru_512,0
fr_27,0
fr_368,0
ru_9622,0
de_285,1
ru_2099,0
ru_12692,0
en_881,0
ru_11953,0
en_152,0
ru_11945,0
de_24,0
ru_8512,0
ru_11654,0
ru_2449,0
ru_4219,0
fr_241,0
ru_7731,0
fr_304,0
ru_1411,0
ru_10657,0
ru_1328,0
ru_6053,0
ru_9638,0
de_386,0
ru_2311,0
ru_2177,0
ru_5026,0
ru_4134,0
ru_9095,0
fr_302,0
ru_3289,0
ru_654,0
de_202,1
ru_3373,0
en_300,0
ru_3038,0
ru_9524,0
ru_4734,0
en_937,0
fr_301,0
ru_4773,0
de_568,0
en_855,0
ru_7252,1
ru_316,0
ru_12868,0
en_154,0
ru_2653,0
en_646,1
ru_8313,0
ru_11696,0
ru_9138,0
ru_11244,0
en_793,0
en_401,0
ru_1475,0
ru_10007,0
ru_10793,0
ru_163,1
ru_10133,0
fr_379,0
en_931,0
ru_5742,0
ru_11350,0
ru_6972,0
ru_10735,0
de_126,0
ru_3329,0
ru_10751,0
ru_3551,0
en_315,0
ru_403,0
de_356,0
ru_2735,0
ru_5583,0
ru_9910,0
fr_193,0
en_640,0
ru_6184,0
fr_350,0
ru_10952,0
ru_71,0
ru_12846,0
ru_9491,0
ru_10293,0
de_363,0
ru_11766,0
de_346,0
ru_12270,0
ru_4681,0
fr_77,0
ru_3945,0
ru_10600,0
ru_1577,0
ru_11330,0
ru_2361,0
de_10,0
en_684,0
ru_387,0
ru_5158,0
en_835,0
fr_159,0
ru_677,0
ru_270,0
ru_9695,0
ru_7902,0
de_94,0
ru_11227,0
de_129,0
ru_7001,0
ru_12458,0
ru_7301,0
ru_6839,0
ru_2783,0
ru_9074,0
ru_8359,0
ru_4298,0
ru_2306,0
en_902,0
ru_8451,0
fr_180,0
ru_8095,0
en_935,0
ru_10811,0
ru_11533,0
ru_8996,1
en_866,0
en_659,0
de_518,0
ru_3855,0
en_858,0
ru_8613,0
ru_8007,0
en_234,0
ru_5507,0
fr_316,0
ru_3335,0
ru_9802,0
ru_8479,0
en_68,0
ru_5607,0
ru_11276,0
ru_6432,0
de_420,0
fr_288,0
ru_5007,1
de_478,0
ru_10755,0
ru_12492,0
en_693,0
ru_6920,1
ru_3368,0
ru_4,0
en_451,0
ru_7072,0
en_151,0
ru_8710,0
ru_4714,0
en_670,0
ru_9642,0
ru_2731,0
ru_2563,0
ru_2871,0
fr_186,0
ru_10675,0
ru_2129,0
ru_1375,0
en_200,0
ru_6459,0
ru_5942,0
fr_358,0
ru_3715,1
ru_13340,0
fr_412,0
en_890,0
ru_884,0
ru_9772,0
ru_4162,0
de_617,1
en_284,0
en_864,0
ru_2009,0
ru_10364,0
ru_5098,0
en_12,0
en_773,0
ru_12479,0
de_131,0
ru_4723,0
ru_6669,0
de_77,0
ru_8842,0
ru_8793,0
ru_4849,0
ru_2465,0
fr_90,0
en_280,0
ru_2369,0
en_852,0
ru_10268,0
ru_2271,1
fr_238,0
en_342,0
en_856,0
ru_276,0
ru_12934,0
ru_2818,0
en_286,0
ru_10784,0
ru_9213,0
ru_4599,1
ru_4936,0
ru_4069,0
de_376,0
en_911,0
de_334,0
ru_12316,0
ru_4785,1
ru_7962,0
en_605,1
en_66,1
ru_1910,0
ru_1258,0
ru_3631,0
ru_8674,0
en_946,0
ru_5153,0
ru_8726,0
ru_3104,0
ru_10734,0
ru_2220,0
ru_9987,0
en_310,0
de_321,0
en_620,0
ru_3508,0
ru_4487,0
ru_5307,0
ru_7621,0
en_674,0
en_945,0
de_261,0
ru_3837,1
ru_13199,0
fr_55,0
fr_267,0
ru_1381,0
ru_8764,0
ru_8176,0
ru_3755,0
de_138,0
en_920,0
en_829,0
en_574,0
de_320,0
fr_19,0
ru_4979,0
ru_3405,0
de_560,0
ru_2962,0
de_112,0
de_533,0
de_225,0
fr_89,0
ru_5556,0
ru_4495,1
en_89,0
en_405,0
ru_10470,0
ru_170,0
ru_3283,0
ru_9239,0
en_436,0
ru_1276,0
en_385,0
ru_5041,0
fr_212,0
de_194,0
en_443,0
ru_2928,0
fr_312,0
ru_1994,0
ru_4173,0
en_630,0
ru_12250,0
de_117,0
fr_11,0
en_871,0
de_3,0
de_74,0
en_756,0
de_468,0
ru_3806,1
de_5,0
en_198,0
fr_285,0
ru_3072,0
de_229,0
en_10,0
ru_9800,1
de_243,0
ru_2397,0
ru_6792,0
en_108,0
ru_867,0
ru_984,1
en_631,0
ru_2257,0
ru_3868,0
ru_5665,0
ru_3430,1
ru_5400,0
ru_2458,1
en_524,0
en_606,0
ru_8179,0
ru_4075,0
ru_688,0
ru_4808,1
en_278,0
ru_8536,0
ru_10486,0
ru_12565,0
ru_3501,0
ru_1120,0
ru_9432,0
en_762,0
ru_9538,0
en_268,0
ru_7005,0
en_542,0
ru_11068,0
ru_1770,0
ru_3273,0
ru_4613,0
ru_10391,0
ru_9492,0
de_624,0
ru_12488,0
en_474,0
de_110,1
ru_2664,0
ru_9631,0
en_118,0
ru_6835,0
de_233,0
de_66,0
ru_6273,0
en_604,0
ru_2244,0
ru_11344,0
ru_12494,0
ru_9692,0
de_538,0
ru_159,0
de_125,0
ru_3854,0
ru_10990,0
en_206,0
en_255,0
ru_451,0
ru_13252,0
ru_10593,0
ru_10113,0
de_485,0
en_655,1
en_164,0
ru_7852,0
ru_8222,0
ru_12053,0
ru_4271,0
ru_968,0
ru_4703,0
ru_12282,0
en_775,0
ru_6268,0
ru_5401,0
fr_284,0
en_647,0
fr_392,0
fr_396,0
fr_248,0
en_303,0
ru_3943,0
ru_12933,0
ru_5727,0
de_365,0
ru_4843,1
ru_6630,0
ru_6869,0
de_27,0
de_474,0
de_527,1
fr_91,0
de_55,0
fr_4,0
de_303,1
ru_9792,0
ru_91,0
en_233,0
en_892,0
de_626,0
ru_9189,0
en_237,0
ru_398,1
fr_415,1
de_337,0
ru_12884,0
de_47,0
ru_2450,0
de_106,0
ru_8632,0
en_26,0
ru_5894,0
ru_10946,0
en_92,0
ru_5764,0
ru_9911,0
ru_1008,0
ru_5568,1
en_837,0
en_754,0
en_48,0
ru_828,0
ru_5975,0
ru_3639,0
ru_8307,0
de_525,0
ru_11947,0
ru_8345,0
ru_7254,0
ru_10817,0
en_399,0
ru_7323,0
ru_11085,0
fr_47,0
de_605,0
en_470,0
ru_4699,0
ru_3348,0
ru_8717,0
ru_3333,0
ru_6111,0
de_60,0
ru_5014,0
fr_37,0
de_92,1
fr_32,0
ru_9162,0
en_889,0
ru_7401,0
de_281,0
en_720,0
ru_5593,0
de_360,0
fr_265,0
ru_13203,0
en_938,0
ru_1238,0
ru_9157,0
ru_13167,0
ru_4335,0
ru_10829,1
ru_3643,0
fr_126,0
ru_4509,0
en_908,0
ru_4412,0
de_42,0
ru_12557,0
ru_7854,0
de_205,0
en_453,0
ru_10210,0
ru_1951,0
ru_3464,0
de_68,0
ru_9907,0
en_877,0
ru_8855,0
ru_5561,0
ru_5792,0
ru_4132,0
ru_9502,0
de_137,0
ru_10786,0
fr_162,0
ru_3018,1
ru_12225,0
ru_7136,0
ru_10528,0
fr_124,0
de_543,0
fr_385,0
ru_10076,0
ru_2726,0
ru_13100,1
de_165,0
de_249,0
en_299,0
ru_10525,0
de_447,0
ru_474,0
ru_5698,0
en_328,0
ru_2625,0
ru_11596,1
ru_9784,0
en_297,0
ru_6601,0
ru_96,0
fr_129,0
ru_6712,0
ru_5895,0
ru_11362,0
de_435,0
ru_12388,0
de_579,0
ru_13264,0
ru_9935,0
en_204,0
ru_3995,0
ru_11583,0
ru_11679,0
ru_7306,0
ru_2016,1
ru_470,0
en_849,1
fr_128,0
ru_6467,0
ru_6596,0
de_389,0
de_236,0
en_24,0
ru_4275,1
de_268,0
ru_9007,0
ru_4701,0
fr_136,0
ru_5913,0
de_438,0
fr_39,0
de_250,0
ru_11213,1
en_575,0
ru_10649,0
ru_2517,0
ru_10304,0
ru_10968,0
en_824,0
de_488,0
fr_246,0
de_449,0
en_449,0
ru_905,0
fr_82,0
fr_50,0
de_50,1
ru_3579,0
en_903,0
ru_1625,0
ru_5527,1
ru_7431,0
en_117,0
de_82,0
ru_6988,0
ru_12632,1
ru_7129,0
ru_7394,0
ru_3496,0
ru_5661,0
en_438,0
ru_12162,1
en_895,0
en_669,0
ru_6121,0
ru_1154,0
ru_7855,0
de_476,0
de_519,0
ru_11136,0
de_405,1
de_385,0
ru_4247,0
ru_3140,0
ru_13086,0
en_634,0
ru_6193,0
ru_1989,0
fr_54,0
ru_1035,0
ru_1385,0
ru_10308,0
en_190,1
de_62,0
ru_12648,0
fr_218,0
ru_3874,0
ru_9175,0
en_214,0
de_224,0
ru_6356,0
ru_3424,0
de_374,0
en_825,0
ru_1384,0
ru_11888,0
ru_10335,0
ru_9871,0
ru_1323,0
ru_10251,0
fr_163,0
ru_1043,1
de_9,0
ru_5132,0
en_947,0
en_839,0
fr_74,0
de_256,0
ru_10454,0
en_618,1
de_390,0
ru_5981,0
ru_8683,0
en_582,0
ru_147,0
fr_290,0
ru_7615,0
ru_2583,0
ru_5420,0
ru_9164,0
de_541,0
ru_2973,1
ru_11164,0
en_93,0
fr_33,0
ru_1520,0
de_358,0
ru_12847,0
ru_11827,0
en_322,0
de_471,0
ru_5751,0
ru_8631,0
ru_2188,0
en_366,0
ru_6812,0
ru_9394,0
ru_12092,0
en_208,1
ru_3071,1
en_202,0
ru_6643,1
ru_2376,0
ru_7176,0
en_853,0
ru_5842,0
ru_12379,0
de_133,0
fr_294,0
fr_189,0
ru_9513,0
en_532,0
en_163,0
de_505,0
ru_12580,0
ru_11300,0
ru_7652,0
en_354,0
fr_260,0
de_456,0
ru_2631,0
ru_10420,0
ru_1747,0
ru_820,0
ru_8527,0
ru_12482,0
fr_79,0
ru_3988,1
ru_1521,1
en_811,0
ru_12059,0
ru_13416,0
en_828,0
en_103,0
en_292,0
de_511,0
en_681,0
de_500,0
ru_3414,1
en_857,0
en_358,0
ru_9869,0
ru_4519,0
ru_10181,0
en_541,0
en_166,0
ru_10278,0
ru_4579,0
en_140,0
en_543,0
ru_4617,0
ru_13281,1
ru_10654,0
fr_319,0
fr_98,1
en_104,0
ru_768,0
ru_1326,0
ru_13421,0
en_9,0
ru_8959,0
en_116,0
ru_109,1
ru_13044,0
ru_10151,0
ru_8635,0
de_143,0
ru_2307,0
ru_11907,1
fr_83,1
en_820,0
ru_1712,1
ru_7642,0
de_396,0
ru_12980,0
en_335,0
ru_5107,0
de_597,0
ru_10432,0
ru_623,0
ru_4146,0
ru_12014,0
ru_6769,0
ru_7976,1
ru_4330,1
ru_2459,0
ru_3345,0
en_572,0
ru_5447,0
en_70,0
ru_7587,0
ru_8881,0
ru_3106,0
ru_8974,0
fr_41,0
ru_6877,0
ru_8075,1
fr_94,0
de_413,0
ru_5805,0
en_507,0
fr_191,0
ru_11639,0
ru_5745,0
de_618,0
de_114,0
de_418,0
ru_12902,0
en_626,0
ru_4746,0
ru_12387,0
ru_6956,0
ru_5413,0
ru_1825,0
fr_119,0
ru_2073,0
ru_7177,1
ru_3279,0
ru_8391,0
ru_2480,0
en_13,0
ru_1253,0
ru_6606,0
ru_3750,0
ru_631,0
en_569,0
ru_6212,0
ru_12973,0
ru_7171,0
en_688,0
fr_217,0
ru_4059,0
fr_261,0
de_336,0
ru_4126,0
ru_4680,0
en_316,0
fr_381,0
ru_8051,0
en_632,0
ru_7675,0
ru_1132,0
ru_4931,1
ru_7633,0
ru_6838,0
ru_6336,0
en_636,0
ru_3446,0
ru_8982,0
ru_8570,0
ru_3463,0
ru_5546,0
ru_8684,0
ru_7327,0
ru_8904,0
ru_1048,1
ru_8834,0
ru_13063,0
en_680,0
ru_6581,0
ru_8028,0
ru_838,0
de_582,0
en_450,0
ru_10039,0
ru_5013,0
ru_11274,0
de_561,0
ru_6143,0
de_513,0
en_28,0
en_665,0
fr_378,0
en_934,0
en_98,0
ru_10009,0
de_116,0
fr_106,0
ru_9119,0
ru_9072,1
fr_196,0
de_119,0
ru_1613,0
ru_7593,0
fr_1,0
ru_10276,0
fr_357,0
fr_242,0
de_4,1
ru_10376,0
ru_1592,0
ru_4633,0
ru_1136,0
ru_11649,0
en_716,0
en_96,0
ru_1262,0
de_576,0
ru_809,0
ru_11911,0
ru_10378,0
fr_219,0
ru_8341,0
ru_12489,0
en_115,0
fr_337,0
ru_7416,0
ru_12756,0
ru_10464,0
ru_6309,0
ru_5081,0
ru_6949,0
de_526,0
ru_3892,0
en_842,0
de_539,0
ru_10422,0
ru_6644,0
fr_150,1
ru_740,0
en_379,0
ru_3443,0
de_154,0
ru_3422,0
en_687,0
ru_79,0
ru_8444,0
ru_10725,0
ru_13065,1
en_897,0
de_571,0
en_817,0
ru_3330,0
de_127,0
ru_4571,0
ru_7198,0
ru_7057,0
ru_55,0
fr_346,0
ru_8275,1
de_191,0
en_87,0
fr_65,1
ru_12686,0
de_608,1
ru_8296,0
de_302,0
ru_6936,0
ru_5655,0
en_7,0
ru_2325,0
ru_2491,0
en_16,0
ru_11586,0
ru_3666,0
en_194,0
de_16,0
ru_11492,0
fr_181,0
ru_12827,0
fr_325,0
de_226,0
ru_1139,0
ru_899,0
de_564,0
ru_13232,0
en_694,0
fr_411,1
ru_5824,0
fr_320,0
ru_12658,0
ru_10218,1
en_167,0
en_527,0
ru_12752,0
en_261,0
de_160,0
ru_11128,0
fr_322,0
ru_1218,0
ru_811,0
ru_6633,0
ru_3906,0
ru_12085,0
ru_13279,0
de_98,0
ru_9575,0
ru_8006,0
de_254,0
ru_469,1
ru_10298,0
en_419,0
en_649,0
ru_6407,0
en_697,0
ru_2932,0
en_102,0
ru_6667,0
en_683,0
ru_12148,0
ru_7810,0
ru_751,0
ru_5929,0
ru_4227,0
ru_7718,0
ru_6339,0
ru_7891,0
de_625,0
de_263,0
ru_4482,0
ru_697,0
en_803,0
ru_9701,0
ru_11658,0
ru_10080,0
ru_2259,0
de_489,0
en_844,0
en_735,0
ru_13306,1
ru_6294,0
de_146,0
ru_11567,0
en_339,0
ru_2345,0
fr_25,0
en_795,1
ru_6657,0
ru_3065,0
ru_164,0
en_95,0
ru_7007,0
de_610,0
ru_8334,0
en_933,0
de_198,0
ru_6218,0
ru_7115,0
ru_9418,0
fr_132,0
ru_13216,0
ru_2544,0
de_203,0
ru_11685,0
en_734,0
ru_584,0
en_708,0
ru_973,0
fr_220,0
ru_7570,1
ru_6702,0
fr_64,0
ru_146,0
ru_503,1
ru_6197,0
en_637,0
ru_13298,0
ru_1949,0
en_250,0
en_854,0
ru_6251,0
ru_13270,0
ru_11003,0
ru_3456,0
ru_11781,0
ru_781,0
fr_29,0
ru_166,0
ru_11720,0
fr_75,0
en_239,0
ru_3511,0
ru_10003,0
en_269,0
ru_4427,0
ru_9378,0
ru_5832,0
en_530,0
en_664,0
ru_1758,0
ru_6011,0
ru_1349,0
ru_6385,0
ru_9375,0
en_598,0
ru_2322,0
ru_9820,0
ru_10289,0
ru_716,0
en_723,0
en_6,0
ru_8929,0
en_679,0
en_758,0
ru_13161,0
de_565,0
ru_12286,0
fr_229,0
en_464,0
de_207,0
ru_2198,0
fr_236,0
ru_10967,0
de_503,0
fr_394,0
ru_3381,0
ru_5829,0
en_571,0
ru_3233,1
ru_7687,0
fr_170,1
ru_12699,0
ru_9073,0
ru_10377,0
de_201,0
ru_2101,0
ru_13436,0
ru_9225,0
ru_12199,0
ru_638,0
de_392,0
en_478,0
ru_4789,0
ru_857,0
ru_58,0
de_64,0
ru_12759,0
ru_5072,0
de_493,0
de_380,0
ru_8518,0
en_23,0
fr_244,0
de_338,0
fr_382,0
en_232,0
ru_13380,0
ru_5276,0
ru_12525,0
fr_361,0
ru_10529,0
ru_4445,1
de_161,0
en_483,1
ru_1944,0
ru_923,0
ru_5553,0
fr_387,0
ru_2489,0
ru_2742,0
en_586,0
ru_4122,0
ru_10729,0
de_34,0
ru_8416,0
fr_141,0
ru_13135,0
en_458,0
en_333,0
ru_8769,0
ru_6230,0
ru_4339,0
de_242,0
ru_12754,0
ru_8652,0
de_602,0
ru_12191,0
ru_11180,0
fr_12,0
ru_3277,0
ru_2951,0
ru_5396,0
en_529,0
en_221,0
en_901,0
ru_11388,0
ru_8776,0
de_190,0
en_807,0
fr_341,0
ru_10503,0
ru_8497,0
ru_1705,1
en_29,0
de_475,0
ru_8708,0
ru_10552,0
ru_11238,0
ru_9789,0
en_133,0
ru_6260,0
ru_1045,0
fr_135,0
en_686,0
de_130,0
ru_12932,0
ru_1130,0
ru_8005,0
ru_9700,0
de_467,0
ru_9967,0
ru_4949,0
fr_226,0
